名稱,市町村名,緯度,經度,電話號碼,網址
ホテルマイステイズ羽田,大田区,35.5510 ,139.7492 ,(03)6863-5539,https://www.mystays.com/hotel-mystays-haneda-tokyo/
ホテルマイステイズプレミア大森,品川区,35.5905 ,139.7325 ,(03)3766-7001,https://www.mystays.com/hotel-mystays-premier-omori-tokyo/
スーパーホテル東京錦糸町駅前,墨田区,35.6978 ,139.8115 ,(03)6853-9000,https://www.superhotel.co.jp/s_hotels/kinshicho/
奥多摩の風はとのす荘,西多摩郡奥多摩町,35.8135 ,139.1272 ,(042)884-7123,https://www.okutamas.co.jp/hatonosu/
日本青年館ホテル,新宿区,35.6745 ,139.7155 ,(03)3401-0101,https://nippon-seinenkan.or.jp/
ホテルニューショーヘイ,新宿区,35.6868 ,139.7283 ,(03)3357-0551,https://www.new-shohei.jp/
ダイワロイネットホテル東京赤羽,北区,35.7776 ,139.7226 ,(03)5249-4055,https://www.daiwaroynet.jp/akabane/room/
JR東日本ホテルメッツ赤羽,北区,35.7789 ,139.7208 ,(03)5939-0011,http://www.hotelmets.jp/akabane/stay.html
ホテルモントレ赤坂,港区,35.6755 ,139.7327 ,(03)3401-7111,https://www.hotelmonterey.co.jp/akasaka/
ホテルミュッセ銀座名鉄,中央区,35.6678 ,139.7635 ,(03)3541-3535,https://www.m-inn.com/musse/ginza/
西鉄イン新宿,新宿区,35.6943 ,139.6943 ,(03)3367-5454,https://nnr-h.com/n-inn/shinjuku/
丸の内ホテル,千代田区,35.6834 ,139.7666 ,(03)3217-1111,https://www.marunouchi-hotel.co.jp/
スーパーホテルLohas赤坂,港区,35.6746 ,139.7364 ,(03)6843-9000,https://www.superhotel.co.jp/s_hotels/akasaka/
JR東日本ホテルメッツ田端,北区,35.7390 ,139.7618 ,(03)3810-2255,https://www.hotelmets.jp/tabata/
株式会社東横イン鶯谷駅前,台東区,35.7215 ,139.7801 ,(03)5824-1045,https://www.toyoko-inn.com/search/detail/00135
ホテルサンルートプラザ新宿,渋谷区,35.6873 ,139.6993 ,(03)3375-3211,https://sunrouteplazashinjuku.jp/
株式会社東横イン浅草千束つくばエクスプレス,台東区,35.7184 ,139.7925 ,(03)3873-1045,https://www.toyoko-inn.com/search/detail/00012/
東横イン羽田空港 ２,大田区,35.5521 ,139.7417 ,(03)5735-1045,https://www.toyoko-inn.com/search/detail/00068/
ヴィアイン秋葉原,千代田区,35.6965 ,139.7723 ,(03)5577-5489,https://www.viainn.com/akihabara/
スーパーホテル品川・新馬場,品川区,35.6173 ,139.7443 ,(03)6890-9000,https://www.superhotel.co.jp/s_hotels/shinbanba/
ミレニアム三井ガーデンホテル東京,中央区,35.6700 ,139.7661 ,(03)3549-3331,http://www.gardenhotels.co.jp/millennium-tokyo/room/accessible/
京成リッチモンドホテル東京門前仲町,江東区,35.6729 ,139.7955 ,(03)5646-5300,https://richmondhotel.jp/monzennakacho/
アパホテル〈上野駅北〉,台東区,35.7159 ,139.7805 ,(03)5830-1711,https://www.apahotel.com/hotel/shutoken/tokyo/ueno-ekikita/
フォーレスト本郷,文京区,35.7132 ,139.7582 ,(03)3813-4408,https://www.forest-hongo.com/
Tマークシティホテル東京大森,大田区,35.5871 ,139.7362 ,(03)5764-1810,https://tmarkcity.com/tokyo-omori
ホテルアマネク蒲田駅前,大田区,35.5636 ,139.7158 ,(03)6424-7892,https://kamata-st.amanek.jp/
新宿プリンスホテル,新宿区,35.6945 ,139.7002 ,(03)3205-5355,https://www.princehotels.co.jp/shinjuku/?s_ms=SW_ADW_AH_00109144&gclid=EAIaIQobChMI9_CCjfyq5wIVGqyWCh3lfgrcEAAYASAAEgL2Q_D_BwE
京急EXイン品川・新馬場駅北口,品川区,35.6177 ,139.7415 ,(03)5769-3910,https://www.keikyu-exinn.co.jp/hotel/shinbanba/
ヴィアイン浅草,台東区,35.7152 ,139.7983 ,(03)6895-5489,https://www.viainn.com/asakusa/
雷門旅館,台東区,35.7113 ,139.7961 ,(03)3844-1873,http://www.kaminarimon.co.jp/
hotel MONday 羽田空港,大田区,35.5519 ,139.7395 ,(03)3743-1601,http://haneda-hotel.jp/　
ベイサイドホテルアジュール竹芝,港区,35.6553 ,139.7633 ,(03)3437-2011,http://www.hotel-azur.com/
WEB Hotel東京浅草橋,台東区,35.6977 ,139.7882 ,(03)5833-8686,https://www.webhotel.jp/
ホテルルポール麹町(麹町会館),千代田区,35.6818 ,139.7385 ,(03)3265-5361,https://www.leport.jp/
ホテル中央館,府中市,35.6729 ,139.4772 ,(042)361-4065,http://www.chuokan.jp
ハイアットセントリック銀座東京,中央区,35.6708 ,139.7623 ,(03)6837-1234,https://www.hyatt.com/ja-JP/hotel/japan/hyatt-centric-ginza-tokyo/tyoct
株式会社東横イン東京日本橋,中央区,35.6913 ,139.7810 ,(03)3661-1045,https://www.toyoko-inn.com/sp/search/detail/00157/
JR九州ホテルブラッサム新宿,渋谷区,35.6877 ,139.6984 ,(03)5333-8687,https://www.jrk-hotels.co.jp/Shinjuku/
三井ガーデンホテル大手町,千代田区,35.6893 ,139.7670 ,(03)3254-3131,https://www.gardenhotels.co.jp/otemachi/room/accessible/
銀座キャピタルホテル,中央区,35.6693 ,139.7749 ,(03)3543-8211,https://www.ginza-capital.jp/index.html
ホテルルートインGrand東京東陽町,江東区,35.6678 ,139.8168 ,(050)5864-4517,https://www.route-inn.co.jp/hotel_list/tokyo/index_hotel_id_73/?gclid=EAIaIQobChMIqs_yu4Cr5wIVFKmWCh1kTgzqEAAYASAAEgJayvD_BwE
BumB東京スポーツ文化館,江東区,35.6495 ,139.8307 ,(03)3521-7321,http://www.ys-tokyobay.co.jp
R&Bホテル大塚駅北口,豊島区,35.7322 ,139.7293 ,(03)3949-8484,http://randb.jp/otsuka/
相鉄フレッサイン御茶の水神保町,千代田区,35.6953 ,139.7604 ,(03)3518-8203,https://fresa-inn.jp/jinbocho/
ダイワロイネットホテル東京大崎,品川区,35.6181 ,139.7266 ,(03)5496-5055,https://www.daiwaroynet.jp/osaki/
リッチモンドホテルプレミア東京押上,墨田区,35.7100 ,139.8137 ,(03)5819-0731,https://richmondhotel.jp/tokyo-oshiage/
東横イン東京駅新大橋前,中央区,35.6872 ,139.7905 ,(03)3667-1045,https://www.toyoko-inn.com/search/detail/00176/
京急EXイン蒲田,大田区,35.5622 ,139.7201 ,(03)3736-3910,https://www.keikyu-exinn.co.jp/hotel/kamata/
東急ステイ用賀,世田谷区,35.6264 ,139.6336 ,(03)5716-1090,https://www.tokyustay.co.jp/hotel/YO/
東京虎ノ門東急REIホテル,港区,35.6653 ,139.7483 ,(03)3431-0109,https://www.tokyuhotels.co.jp/toranomon-r/index.html
アパホテル<東京潮見駅前>,江東区,35.6578 ,139.8186 ,(03)5653-8111,https://www.apahotel.com/hotel/shutoken/tokyoshiomi-ekimae/
ホテルクラウンヒルズ上野,台東区,35.7091 ,139.7771 ,(03)5846-7100,https://www.lifehotels.jp/ueno/
JR東日本ホテルメッツ目白,豊島区,35.7209 ,139.7068 ,(03)5985-0011,https://www.hotelmets.jp/mejiro/
東京ベイ有明ワシントンホテル,江東区,35.6328 ,139.7935 ,(03)5564-0111,https://washington-hotels.jp/ariake/
グランドニッコー東京台場,港区,35.6252 ,139.7715 ,(03)5500-4520,https://www.tokyo.grandnikko.com/
立川ワシントンホテル,立川市,35.6966 ,139.4119 ,(042)548-4111,https://www.tachikawa-wh.com/index.html
ホテルウィングインターナショナルセレクト上野・御徒町,台東区,35.7099 ,139.7768 ,(03)6689-5511,https://www.hotelwing.co.jp/select/ueno-okachimachi/
スーパーホテル東京大塚,豊島区,35.7334 ,139.7283 ,(03)3918-9200,https://www.superhotel.co.jp/s_hotels/otsuka/
亀の井ホテル青梅,青梅市,35.7839 ,139.2558 ,(042)823-1171,https://www.kanponoyado.japanpost.jp/oume/index.html
株式会社相鉄フレッサイン銀座三丁目,中央区,35.6719 ,139.7677 ,(03)3538-3397,https://fresa-inn.jp/ginza3/
東急ステイ渋谷,渋谷区,35.6556 ,139.6936 ,(03)3477-1091,https://www.tokyustay.co.jp/hotel/SIB/
ビジネスホテル山百合,台東区,35.7103 ,139.7774 ,(03)3831-7759,http://www.yamayuri.tokyo/
ホテルマリナーズコート東京,中央区,35.6530 ,139.7791 ,(03)5560-2525,http://www.hotel-mariners.co.jp/
東急ステイ築地,中央区,35.6658 ,139.7709 ,(03)5551-0109,https://www.tokyustay.co.jp/hotel/HIG/
京王プラザホテル,新宿区,35.6900 ,139.6940 ,(03)3344-0111,https://www.keioplaza.co.jp/guide/universal/
帝国ホテル東京,千代田区,35.6725 ,139.7576 ,(03)3539-8106,https://www.imperialhotel.co.jp/j/tokyo/index.html
渋谷ストリームエクセルホテル東急,渋谷区,35.6575 ,139.7029 ,(03)3406-1090,https://www.tokyuhotels.co.jp/stream-e/
ヴィアイン新宿,新宿区,35.6934 ,139.7073 ,(03)3226-5489,https://www.viainn.com/shinjuku/room/
レム六本木,港区,35.6638 ,139.7314 ,(03)6863-0606,https://www.hankyu-hotel.com/hotel/remm/roppongi
京急EXイン東銀座,中央区,35.6671 ,139.7703 ,(03)5565-3910,https://www.keikyu-exinn.co.jp/hotel/higashiginza
ホテルリブマックス日本橋箱崎,中央区,35.6797 ,139.7876 ,(03)3662-5455,https://www.hotel-livemax.com/tokyo/hakozaki/
ビジネスホテルシティテル武蔵境,武蔵野市,35.7017 ,139.5428 ,(0422)33-5111,http://www.hotel-citytel.jp/citytel_sakai/
ビジネスホテル一茶本館,小平市,35.7204 ,139.4782 ,(042)341-2600,http://www.hotelissa.co.jp/
東横INN神田秋葉原,中央区,35.6953 ,139.7832 ,(03)3669-1045,https://www.toyoko-inn.com/search/detail/00206/
スマイルホテル東京多摩永山,多摩市,35.6289 ,139.4507 ,(042)372-7070,https://smile-hotels.com/hotels/show/tokyotamanagayama
京王プレッソイン新宿,新宿区,35.6857 ,139.6926 ,(03)5369-3401,https://www.presso-inn.com/shinjuku/
秋葉原ワシントンホテル,千代田区,35.6974 ,139.7738 ,(03)3255-3311,https://washington-hotels.jp/akihabara/
イーホテル東新宿,新宿区,35.6977 ,139.7072 ,(03)5287-3588,https://www.shinjukuhotel.co.jp/
名鉄イン浜松町,港区,35.6579 ,139.7557 ,(03)5472-3434,https://www.m-inn.com/hamamatsucho/facilities/
ホテルサンライト新宿,新宿区,35.6942 ,139.7071 ,(03)3356-0391,https://www.pearlhotels.jp/shinjuku/
アパホテル＜上野稲荷町駅北＞,台東区,35.7134 ,139.7826 ,(03)5830-8911,https://www.apahotel.com/hotel/shutoken/ueno-inaricho/
アクトホテル六本木,港区,35.6624 ,139.7295 ,(03)6435-0777,https://www.act-hotel.com/roppongi/rooms/universal-double-room/
相鉄フレッサイン新橋烏森口,港区,35.6648 ,139.7562 ,(03)6695-0203,https://fresa-inn.jp/shinbashi-karasumoriguchi/
hanare,台東区,35.7264 ,139.7661 ,(03)5834-7201,http://hanare.hagiso.jp/
レム秋葉原,千代田区,35.6977 ,139.7737 ,(03)3254-0606,https://www.hankyu-hotel.com/hotel/remm/akihabara
JR東日本ホテルメッツ秋葉原,千代田区,35.6980 ,139.7720 ,(03)5294-1011,https://www.hotelmets.jp/akihabara/index.html
ホテル日航立川東京,立川市,35.6965 ,139.4194 ,(042)503-9103,https://hotelnikko-tachikawatokyo.jp/
ホテルアジア会館,港区,35.6702 ,139.7275 ,(03)3402-6111,https://www.asiacenter.or.jp/stay/
東急ステイ銀座,中央区,35.6704 ,139.7674 ,(03)3541-0109,https://www.tokyustay.co.jp/hotel/GZ/
ホテルグレイスリー田町,港区,35.6400 ,139.7800 ,(03)6699-1000,http://gracery.com/tamatchi
センチュリオンホテルグランド赤坂,港区,35.6758 ,139.7365 ,(03)6435-5226,https://www.centurion-hotel.com/grand/rooms/
アパホテル＜TKP東京西葛西＞,江戸川区,35.6642 ,139.8602 ,(03)5615-2067,https://www.apahotel.com/hotel/shutoken/tkp-tokyo-nishikasai/
東急ステイ目黒・祐天寺,目黒区,35.6360 ,139.6907 ,(03)5721-1109,https://www.tokyustay.co.jp/hotel/YU/
セミナーハウス　クロス・ウェーブ府中,府中市,35.6775 ,139.4701 ,(042)340-4800,https://x-wave.orix.co.jp/fuchu/?utm_source=google&utm_medium=cpc&utm_campaign=kanto&gclid=EAIaIQobChMIk6eysKiS6AIVVXRgCh2ciAfuEAAYASAAEgJxNPD_BwE
ニューオータニイン東京,品川区,35.6207 ,139.7292 ,(03)3779-9111,http://www.newotani.co.jp/inntokyo/
東京・湯河原温泉　万葉の湯,町田市,35.5076 ,139.4773 ,(042)788-4126,https://www.manyo.co.jp/machida/
東横イン町田駅小田急線東口,町田市,35.5467 ,139.4448 ,(042)728-1045,https://www.toyoko-inn.com/index.php/search/detail/00216.html
the b tokyo shimbashi,港区,35.6675 ,139.7535 ,(03)3501-2500,https://www.theb-hotels.com/theb/shimbashi/?utm_source=google&utm_medium=cpc&utm_campaign=bsh&gclid=EAIaIQobChMImeqw5Z6P6AIVx6iWCh2QqQ8iEAAYASAAEgIwzPD_BwE
パールホテル両国,墨田区,35.6963 ,139.7915 ,(03)3625-8080,https://www.pearlhotels.jp/ryogoku/
ホテル新宿屋,町田市,35.5445 ,139.4466 ,(042)722-3112,https://www.hotel-shinjukuya.com/
都市センターホテル,千代田区,35.6811 ,139.7386 ,(03)5216-8802,https://www.rihga.co.jp/toshicenter/
クインテッサホテル東京羽田,大田区,35.5572 ,139.7252 ,(03)3733-0551,https://quintessahotels.com/haneda/
京王プレッソイン日本橋茅場町,中央区,35.6808 ,139.7804 ,(03)3669-0202,https://www.presso-inn.com/kayabacho/
京王プレッソイン五反田,品川区,35.6265 ,139.7208 ,(03)5436-0202,https://www.presso-inn.com/gotanda/
京王プレッソイン池袋,豊島区,35.7278 ,139.7156 ,(03)5396-0202,https://www.presso-inn.com/ikebukuro/
京王プレッソイン赤坂,港区,35.6714 ,139.7368 ,(03)5562-0077,https://www.presso-inn.com/akasaka/
京王プレッソイン東京駅八重洲,中央区,35.6788 ,139.7700 ,(03)3279-0202,https://www.presso-inn.com/yaesu/
京王プレッソイン浜松町,港区,35.6592 ,139.7527 ,(03)3438-0202,https://www.presso-inn.com/hamamatsutyo/
京王プレッソイン東京九段下,千代田区,35.6969 ,139.7519 ,(03)3511-0202,https://www.presso-inn.com/kudanshita/
センチュリオンホテル　池袋,豊島区,35.7320 ,139.7145 ,(03)6912-6031,https://www.centurion-hotel.com/ikebukuro/#ikebukuro
京王プレッソイン大手町,中央区,35.6879 ,139.7700 ,(03)3241-0202,https://www.presso-inn.com/otemachi/
京王プレッソイン神田,千代田区,35.6948 ,139.7694 ,(03)3252-0202,https://www.presso-inn.com/kanda/
東横イン日本橋税務署前,中央区,35.6898 ,139.7815 ,(03)5847-1045,https://www.toyoko-inn.com/search/detail/00239/
JR東日本ホテルメッツ高円寺,杉並区,35.7055 ,139.6501 ,(03)5327-0011,https://www.hotelmets.jp/koenji/
三井ガーデンホテル上野,台東区,35.7119 ,139.7781 ,(03)3839-1131,https://www.gardenhotels.co.jp/ueno/
フォーシーズンズホテル丸の内東京,千代田区,35.6781 ,139.7671 ,(03)5222-7222,https://www.fourseasons.com/jp/tokyo/
京急EXイン品川・泉岳寺駅前,港区,35.6407 ,139.7413 ,(03)3453-3910,https://www.keikyu-exinn.co.jp/hotel/sengakuji/
トーセイホテル ココネ神田,千代田区,35.6895 ,139.7691 ,(03)5209-5541,https://tosei-hotel.co.jp/
リーガロイヤルホテル東京,新宿区,35.7105 ,139.7226 ,(03)5285-8950,https://www.rihga.co.jp/tokyo
パレスホテル立川,立川市,35.7017 ,139.4136 ,(042)527-1111,https://www.palace-t.co.jp/
アンダーズ 東京,港区,35.6668 ,139.7496 ,(03)6830-1234,https://www.hyatt.com/ja-JP/hotel/japan/andaz-tokyo-toranomon-hills/tyoaz
グランド　ハイアット　東京,港区,35.6597 ,139.7283 ,(03)4333-1234,https://www.hyatt.com/ja-JP/hotel/japan/grand-hyatt-tokyo/tyogh
京王プラザホテル多摩,多摩市,35.6234 ,139.4249 ,(042)374-0111,https://www.keioplaza.co.jp/tama/
東京ステーションホテル,千代田区,35.6817 ,139.7661 ,(03)5220-1112,https://www.tokyostationhotel.jp/
ホテル椿山荘東京,文京区,35.7122 ,139.7263 ,(03)3943-1111,https://hotel-chinzanso-tokyo.jp/
ハイアットリージェンシー東京,新宿区,35.6911 ,139.6914 ,(03)3348-1234,https://www.hyatt.com/ja-JP/hotel/japan/hyatt-regency-tokyo/tyoty
The　Okura　Tokyo,港区,35.6671 ,139.7438 ,(03)3582-0111,https://theokuratokyo.jp/
ホテルメトロポリタンエドモント,千代田区,35.7007 ,139.7490 ,(03)3237-1111,https://edmont.metropolitan.jp/
第一ホテル東京,港区,35.6685 ,139.7578 ,(03)3501-1441,https://www.hankyu-hotel.com/hotel/dh/dhtokyo
リッチモンドホテル東京武蔵野,武蔵野市,35.7072 ,139.5613 ,(0422)36-0022,https://richmondhotel.jp/musashino/
R&Bホテル上野広小路,台東区,35.7071 ,139.7720 ,(03)5688-0505,http://randb.jp/ueno/
相鉄グランドフレッサ東京ベイ有明,江東区,35.6321 ,139.7897 ,(03)6899-2030,https://fresa-inn.jp/ariake/
ベストウエスタンレンブラントホテル東京町田,町田市,35.5403 ,139.4502 ,(042)724-3111,https://bwhotels.jp/machida
ベッセルイン上野入谷駅前,台東区,35.7215 ,139.7858 ,(03)5603-7411,https://www.vessel-hotel.jp/inn/ueno/
渋谷エクセルホテル東急,渋谷区,35.6586 ,139.6998 ,(03)5457-0109,https://www.tokyuhotels.co.jp/shibuya-e/?utm_source=google&utm_medium=cpc&utm_campaign=main&cid=adwsn201806021&argument=TH1sKUCF&dmai=a5e16c3b04635e&gclid=EAIaIQobChMIseLqsqqS6AIVg3ZgCh1Btg3BEAAYASAAEgKEX_D_BwE#
ホテルサンルート銀座,中央区,35.6735 ,139.7698 ,(03)5579-9733,https://www.sunroute-ginza.jp/
東急ステイ門前仲町,江東区,35.6711 ,139.7988 ,(03)5620-0109,https://www.tokyustay.co.jp/hotel/MON/
ホテルグレイスリー銀座,中央区,35.6689 ,139.7637 ,(03)6686-1000,https://gracery.com/ginza/stay/room/124f30bdb97ddb5.html
三井ガーデンホテル汐留イタリア街,港区,35.6603 ,139.7570 ,(03)3431-1131,https://www.gardenhotels.co.jp/shiodome-italiagai/
スーパーホテル秋葉原・末広町,台東区,35.7033 ,139.7733 ,(03)6848-9000,https://www.superhotel.co.jp/s_hotels/akihabara/
三井ガーデンホテル京橋,中央区,35.6784 ,139.7708 ,(03)3231-3131,https://www.gardenhotels.co.jp/kyobashi/
コンフォートホテル東京清澄白河,江東区,35.6822 ,139.7997 ,(03)5639-9311,https://www.choice-hotels.jp/hotel/kiyosumishirakawa/
ホテルメルパルク東京,港区,35.6556 ,139.7514 ,(03)3433-7211,http://mielparque.jp/tokyo/
スーパーホテルPremier東京駅八重洲中央口,中央区,35.6793 ,139.7698 ,(03)3241-9000,https://www.superhotel.co.jp/s_hotels/yaesu/
東横INN赤羽駅東口一番街,北区,35.7834 ,139.7199 ,(03)5939-1045,https://www.toyoko-inn.com/index.php/search/detail/00109.html
ホテルアラマンダ青山,港区,35.6710 ,139.7178 ,(03)6432-9074,https://hotel-allamanda-aoyama.jp/
ホテルミッドイン赤羽駅前,北区,35.7769 ,139.7223 ,(03)3902-3111,
東横イン　蒲田東口,大田区,35.5625 ,139.7182 ,(03)3736-1045,https://www.toyoko-inn.com/search/detail/00020
ザ・ペニンシュラ東京,千代田区,35.6745 ,139.7607 ,(03)6270-2888,https://www.peninsula.com/ja/tokyo/5-star-luxury-hotel-ginza
学士会館ホテル,千代田区,35.6934 ,139.7589 ,(03)3292-5938,https://www.gakushikaikan.co.jp/hotel/
R&Bホテル東日本橋,中央区,35.6940 ,139.7856 ,(03)5687-1313,http://randb.jp/nihonbashi/
ホテル京阪築地銀座グランデ,中央区,35.6684 ,139.7743 ,(03)5565-1001,https://www.hotelkeihan.co.jp/tsukijiginza/
アパホテル＜三田駅前＞,港区,35.6484 ,139.7501 ,(03)5419-4111,https://www.apahotel.com/hotel/shutoken/mita-ekimae/
住庄ほてる,中央区,35.6856 ,139.7793 ,(03)3661-4603,https://www.sumisho-hotel.co.jp/
JR東日本ホテルメッツ立川,立川市,35.6973 ,139.4133 ,(042)548-0011,https://www.hotelmets.jp/tachikawa/
ハートンホテル東品川,品川区,35.6103 ,139.7504 ,(03)5495-0810,https://www.hearton.co.jp/hotel/higashi-shinagawa
東京ガーデンパレス,文京区,35.7028 ,139.7648 ,(03)3813-6211,https://www.hotelgp-tokyo.com/
ホテル龍名館東京,中央区,35.6831 ,139.7712 ,(03)3271-0971,https://www.ryumeikan-tokyo.jp
板橋センターホテル,板橋区,35.7515 ,139.7082 ,(03)5944-4455,https://www.itacen.com/
小田急ホテルセンチュリーサザンタワー,渋谷区,35.6864 ,139.7004 ,(03)5324-2166,https://www.southerntower.co.jp/
レム日比谷,千代田区,35.6726 ,139.7597 ,(03)3507-0606,https://www.hankyu-hotel.com/hotel/remm/hibiya
コンフォートホテル東京東神田,千代田区,35.6945 ,139.7797 ,(03)3865-2611,https://www.choice-hotels.jp/hotel/higashikanda/
東横INN日本橋三越前A4,中央区,35.6871 ,139.7786 ,(03)5641-1045,https://www.toyoko-inn.com/search/detail/00170/
ザ・ビー赤坂見附,港区,35.6766 ,139.7359 ,(03)3589-3610,https://www.theb-hotels.com/cp/renewal2019/?utm_source=google&utm_medium=cpc&utm_campaign=bam&gclid=EAIaIQobChMIv5aQvqOX6AIVDXZgCh1VkgDbEAAYASAAEgK1MvD_BwE
東横INN西武池袋線東久留米駅西口,東久留米市,35.7593 ,139.5336 ,(042)429-1045,https://www.toyoko-inn.com/index.php/search/detail/00261.html
相鉄フレッサイン東京錦糸町,墨田区,35.6959 ,139.8117 ,(03)5625-4203,https://fresa-inn.jp/kinshicho/
ホテルウィングインターナショナルプレミアム東京四谷,新宿区,35.6880 ,139.7184 ,(03)3356-2111,https://www.hotelwing.co.jp/yotsuya/
東横イン後楽園文京区役所前,文京区,35.7097 ,139.7515 ,(03)3818-1045,https://www.toyoko-inn.com/index.php/search/detail/00081.html
JR東日本ホテルメッツ渋谷,渋谷区,35.6558 ,139.7040 ,(03)3409-0011,https://www.hotelmets.jp/shibuya/
コンフォートホテル東京神田,千代田区,35.6936 ,139.7744 ,(03)5297-2711,https://www.choice-hotels.jp/hotel/kanda/
メルキュールホテル銀座東京,中央区,35.6729 ,139.7685 ,(03)4335-1111,https://all.accor.com/hotel/5701/index.ja.shtml
後楽ガーデンホテル,文京区,35.7043 ,139.7479 ,(03)3816-6130,https://korakugardenhotel.com/
東横イン東京駅八重洲北口,中央区,35.6821 ,139.7712 ,(03)6854-1045,https://www.toyoko-inn.com/index.php/search/detail/00269.html
三井ガーデンホテル日本橋プレミア,中央区,35.6883 ,139.7735 ,(03)3270-1131,https://www.gardenhotels.co.jp/nihonbashi-premier-lp/
ドーミーイン・global cabin　浅草,台東区,35.7119 ,139.7990 ,(03)3845-1122,https://www.hotespa.net/hotels/asakusa/
ＪＲ東日本ホテルメッツ駒込,豊島区,35.7363 ,139.7472 ,(03)5319-0011,https://www.hotelmets.jp/komagome/
東横INN東京秋川駅北口,あきる野市,35.7283 ,139.2875 ,(042)510-1045,https://www.toyoko-inn.com/index.php/search/detail/00031.html
東横イン　品川青物横丁駅,品川区,35.6096 ,139.7426 ,(03)5461-1045,https://www.toyoko-inn.com/index.php/search/detail/00049.html
アートホテル日暮里 ラングウッド,荒川区,35.7279 ,139.7729 ,(03)3803-1234,https://www.hotellungwood.com/
ハンドレッドステイ東京新宿,新宿区,35.7024 ,139.6955 ,(03)6890-9100,https://www.hundredstay.com/jp/
東横INNアキバ浅草橋駅東口,台東区,35.6994 ,139.7880 ,(03)5822-1045,https://www.toyoko-inn.com/index.php/search/detail/00243.html
Moxy Tokyo Kinshicho,墨田区,35.6935 ,139.8135 ,(03)5624-8803,https://www.marriott.co.jp/hotels/travel/tyoox-moxy-tokyo-kinshicho/
庭のホテル　東京,千代田区,35.7006 ,139.7567 ,(03)3293-0028,https://www.hotelniwa.jp/
ホテルルートイン東京蒲田　-あやめ橋-,大田区,35.5625 ,139.7217 ,(050)5837-2020,https://www.route-inn.co.jp/hotel_list/tokyo/index_hotel_id_656/
旅館　賀茂川,台東区,35.7121 ,139.7958 ,(03)3843-2681,https://www.f-kamogawa.jp/
ヴィアイン飯田橋後楽園,新宿区,35.7056 ,139.7434 ,(03)3235-5489,https://www.viainn.com/iidabashi-k/
ドーミーイン上野・御徒町,台東区,35.7091 ,139.7761 ,(03)5807-5489,https://www.hotespa.net/hotels/ueno/
クインテッサホテル東京銀座,中央区,35.6700 ,139.7686 ,(03)6264-1350,https://quintessahotels.com/ginza/
からくさホテルプレミア東京銀座,港区,35.6671 ,139.7617 ,(03)3573-6602,https://karaksahotels.com/ginza/
変なホテル　西葛西,江戸川区,35.6656 ,139.8608 ,(050)589-3770,https://www.hennnahotel.com/nishikasai/
ザ　ロイヤルパークホテル　東京羽田,大田区,35.5470 ,139.7678 ,(03)6830-1111,https://www.the-royalpark.jp/the/tokyohaneda/
ホテルオリエンタルエクスプレス東京蒲田,大田区,35.5597 ,139.7248 ,(03)3733-5511,https://tokyokamata.hotelorientalexpress.com/room
三井ガーデンホテル神宮外苑の杜プレミア,新宿区,35.6804 ,139.7157 ,(03)5786-1531,www.gardenhotels.co.jp/jingugaientokyo-premier/room/accessible-queen/
ホテルグレイスリー新宿,新宿区,35.6953 ,139.7020 ,(03)6833-1714,https://gracery.com/shinjuku/
シティホテル高幡,日野市,35.6601 ,139.4133 ,(042)591-1121,https://www.ch-takahata.jp/
ザ・ゲートホテル雷門 by HULIC,台東区,35.7108 ,139.7953 ,(03)5826-3877,https://www.gate-hotel.jp/asakusa-kaminarimon/
ザ・ゲートホテル東京 by HULIC,千代田区,35.6729 ,139.7616 ,(03)6263-8233,https://www.gate-hotel.jp/tokyo/
Jホテル東京ジオ,中央区,35.6866 ,139.7704 ,(03)6885-5667,http://www.jhoteltokyogeo.com/
SHIBAMATA FU-TEN BED AND LOCAL,葛飾区,35.7596 ,139.8779 ,(03)3650-1111,http://shibamatafuten.com/
バリアフリーペンション「すばる」,大島町,34.7557 ,139.3560 ,(04992)2-1142,https://userweb.www.fsinet.or.jp/subaru/
大島温泉ホテル,大島町,34.7534 ,139.4018 ,(04992)2-1673,http://www.oshima-onsen.co.jp/
ホテル赤門,大島町,34.7525 ,139.3538 ,(04992)2-1213,http://www.ooshima-akamon.com/
ビジネス・イン・グランドール府中別館,府中市,35.6777 ,139.5174 ,(042)336-6111,https://grandeur-fuchu.com/
ビジネス・イン・グランドール府中本館,府中市,35.6779 ,139.5170 ,(042)336-6111,https://grandeur-fuchu.com/
ホテル朝日グランドール府中,府中市,35.6771 ,139.5162 ,(042)319-9215,https://grandeur-fuchu.com/
ホテル　パームビーチ,大島町,34.7951 ,139.3615 ,(04992)2-8511,https://palm-beach.jp/
ホテル白岩,大島町,34.7499 ,139.3584 ,(04992)2-2571,http://www.h-shiraiwa.com/
変なホテル浅草田原町,台東区,35.7081 ,139.7914 ,(03)3843-5333,https://www.hennnahotel.com/asakusa-tawaramachi/
変なホテル東京赤坂,港区,35.6722 ,139.7392 ,(050)5894-3782,https://www.hennnahotel.com/akasaka/
ホテルグランドアーク半蔵門,千代田区,35.6829 ,139.7435 ,(03)3288-0111,https://www.grandarc.com/
ホテルルミエール西葛西,江戸川区,35.6624 ,139.8614 ,(03)5676-2711,https://www.hotel-lumiere.jp/nishikasai/
変なホテル東京浜松町,港区,35.6573 ,139.7565 ,(050)5894-3781,https://www.hennnahotel.com/hamamatsucho/
羽田エクセルホテル東急,大田区,35.5535 ,139.7868 ,(03)5756-6000,https://tokyuhotels.co.jp/haneda-e/
日和ホテル　東京銀座　EAST,中央区,35.6736 ,139.7733 ,(03)3555-1230,https://ginza-east.hiyori-hotel.jp/?gclid=EAIaIQobChMI-4SU_ueg6AIVxKiWCh2REQFoEAAYASAAEgLsl_D_BwE
相鉄フレッサイン日本橋茅場町,中央区,35.6808 ,139.7801 ,(03)3668-2500,https://fresa-inn.jp/kayabacho/
THE BLOSSOM HIBIYA （ザ ブラッサム 日比谷）,港区,35.6691 ,139.7563 ,(03)3591-8702,https://www.jrk-hotels.co.jp/Hibiya/
ヴィアイン東京大井町,品川区,35.6043 ,139.7341 ,(03)5718-5489,https://www.viainn.com/oimachi/
三井ガーデンホテル銀座プレミア,中央区,35.6671 ,139.7632 ,(03)3543-1131,https://www.gardenhotels.co.jp/ginza-premier-lp/
ホテルマイステイズプレミア赤坂,港区,35.6704 ,139.7385 ,(03)6229-3280,https://www.mystays.com/hotel-mystays-premier-akasaka-tokyo/
京急EXイン　浜松町・大門駅前,港区,35.6573 ,139.7541 ,(03)3431-3910,https://www.keikyu-exinn.co.jp/hotel/daimon/
ホテルサンルートパティオ大森,品川区,35.5876 ,139.7342 ,(03)3763-0211,https://www.patio-omori.com/
アイホテル京急蒲田,大田区,35.5630 ,139.7240 ,(03)5713-2277,https://www.aihotel.jp/kamata/
ONSEN RYOKAN 由縁新宿,新宿区,35.6929 ,139.7090 ,(03)5361-8355,https://ryokan-yuen.jp/en/
ヴィアイン日本橋人形町,中央区,35.6850 ,139.7801 ,(03)5640-5489,https://www.viainn.com/nihonbashi-n/
変なホテル　東京羽田,大田区,35.5545 ,139.7413 ,(03)3744-2700,https://www.hennnahotel.com/haneda/
レムプラス銀座,中央区,35.6674 ,139.7624 ,(03)6866-0606,https://www.hankyu-hotel.com/hotel/remm/ginza/
ONE@TOKYO,墨田区,35.7118 ,139.8160 ,(03)5630-1193,https://onetokyo.com
ホテル　サーティーマイルズ,羽村市,35.7774 ,139.3016 ,(042)555-3930,http://www.30-miles.com
東横イン福生駅前東口,福生市,35.7420 ,139.3283 ,(042)553-1045,https://www.toyoko-inn.com
NOHGA　HOTEL　UENO　TOKYO,台東区,35.7102 ,139.7782 ,(03)5816-0211,https://nohgahotel.com/ueno
ホテルウィングインターナショナル新橋御成門,港区,35.6608 ,139.7544 ,(03)3433-0122,https://www.hotelwing.co.jp/shimbashi-onarimon
上野ホテル,台東区,35.7161 ,139.7806 ,(03)6231-7610,http://www.uenohotel.jp/
HAMACHO HOTEL,中央区,35.6846 ,139.7893 ,(03)5643-1811,https://hamachohotel.jp/
変なホテル　浅草橋,台東区,35.6971 ,139.7848 ,(050)5894-3780,https://www.hennnahotel.com/asakusabashi/
ホテルイルフィオーレ葛西,江戸川区,35.6628 ,139.8745 ,(03)3877-0888,http://www.hotelilfiore.com/
銀座クレストン,中央区,35.6667 ,139.7789 ,(03)5550-5700,https://www.crestonhotel.jp/ginza/
三井ガーデンホテル銀座五丁目,中央区,35.6688 ,139.7667 ,(03)6226-5131,https://www.gardenhotels.co.jp/ginza-gochome/
三井ガーデンホテル六本木プレミア,港区,35.6625 ,139.7355 ,(03)5545-1431,https://www.gardenhotels.co.jp/roppongi-premier/
ザ・ロイヤルパークキャンバス銀座8,中央区,35.6681 ,139.7623 ,(03)6205-8010,https://www.canvas-ginza8.jp/room/universal
REMBRANDT STYLE TOKYO NISHIKASAI,江戸川区,35.6633 ,139.8603 ,(03)3675-8900,https://rembrandt-style.com/nishikasai
REMBRANDT STYLE TOKYO NISHIKASAI GRANDE,江戸川区,35.6624 ,139.8604 ,(0120)05-3901,https://rembrandt-style.com/nishikasai-grande
変なホテル東京銀座,中央区,35.6700 ,139.7739 ,(03)3547-2500,www.hennnahotel.com/ginza/
JR東日本ホテルメッツ東京ベイ新木場,江東区,35.6452 ,139.8274 ,(03)3522-0711,https://www.hotelmets.jp/shinkiba/index.html
ホテルベルクラシック東京,豊島区,35.7317 ,139.7275 ,(03)5950-1200,https://hotel-bellclassic.co.jp/
東横イン山手線大塚駅北口Ⅱ,豊島区,35.7326 ,139.7273 ,(03)3576-1045,https://www.toyoko-inn.com/search/detail/00139/
ホテルグレイスリー浅草,台東区,35.7095 ,139.7954 ,(03)6632-8981,https://gracery.com/asakusa/stay/room/
東横INN池袋北口Ⅱ,豊島区,35.7341 ,139.7103 ,(03)5396-1045,https://www.toyoko-inn.com/search/detail/00007/
MUJI　HOTEL　GINZA,中央区,35.6732 ,139.7654 ,(03)3538-6101,https://hotel.muji.com/ginza/ja/
エスペリアイン日本橋箱崎,中央区,35.6833 ,139.7902 ,(03)3527-2007,https://www.s-peria-inn.com/nihombashi/
アクトホテル渋谷,目黒区,35.6518 ,139.6863 ,(03)6452-3313,https://www.act-hotel.com/shibuya/
プルマン東京田町,港区,35.6451 ,139.7492 ,(03)6400-5855,https://www.pullmantokyotamachi.com/ja/
アパホテル町田駅東,町田市,35.5421 ,139.4506 ,(042)739-6880,https://www.apahotel.com/hotel/shutoken/machida-ekihigashi/
ホテルトラスティ東京ベイサイド,江東区,35.6288 ,139.7870 ,(03)6700-0001,https://ct.rion.mobi/trusty.tokyobayside/2/detail_165_166.html
東京セントラルユースホステル,新宿区,35.7008 ,139.7435 ,(03)3235-1107,http://www.jyh.gr.jp/tcyh
Hotel Hillarys Akasaka,港区,35.6737 ,139.7379 ,(03)3585-8700,http://www.hotel-hillarys.com/akasaka/
シタディーン新宿東京,新宿区,35.6910 ,139.7131 ,(03)5379-7208,https://www.discoverasr.com/ja/citadines/japan/citadines-shinjuku-tokyo
相鉄フレッサイン東京赤坂,港区,35.6712 ,139.7355 ,(03)5573-2031,https://fresa-inn.jp/akasaka/
東横INN上野田原町駅,台東区,35.7077 ,139.7914 ,(03)3847-1045,https://www.toyoko-inn.com/search/detail/00226/
ザ・ツーリストホテル葛西,江戸川区,35.6610 ,139.8741 ,(03)6661-3515,https://www.tourist-hotel.com/kasai/
ロッジオーシャン八丈島,八丈町,33.1251 ,139.8135 ,(04996)2-0164,https://www.lodgeocean.net/
満天望,八丈町,33.0930 ,139.7815 ,(04996)2-7250,http://mantenbo.net/
リードパークリゾート八丈島,八丈町,33.1433 ,139.7876 ,(04996)2-7701,http://www.lidohotels.jp/park/
リゾート　シーピロス,八丈町,33.1229 ,139.8154 ,(04996)2-5757,http://www.seapiross.co.jp/
八丈ビューホテル,八丈町,33.1155 ,139.7684 ,(04996)2-3221,http://www.hachijo-v.co.jp/
相鉄フレッサイン東京神田,千代田区,35.6917 ,139.7740 ,(03)6859-5203,fresa-inn.jp/kanda/room.html
ヴィアイン東銀座,中央区,35.6672 ,139.7705 ,(03)3545-5489,
シティテル府中,府中市,35.6720 ,139.4821 ,(042)334-9111,
ホテル　ザ　セレスティン東京芝,港区,35.6511 ,139.7488 ,(03)5441-4111,
ホテル京阪 東京四谷,新宿区,35.6869 ,139.7274 ,(03)5379-1003,https://www.hotelkeihan.co.jp/yotsuya/guestroom/universal/
東横INN東京八王子駅北口,八王子市,35.6568 ,139.3368 ,(042)698-1045,
ダイワロイネットホテル東京有明,江東区,35.6346 ,139.7925 ,(03)3599-6180,https://www.daiwaroynet.jp/ariake/room
ザ・スクエアホテル銀座,中央区,35.6723 ,139.7691 ,(03)3544-6811,www.the-squarehotel.com/sgi/
ヒルトン東京,新宿区,35.6926 ,139.6912 ,(03)3344-5111,
二子玉川エクセルホテル東急,世田谷区,35.6106 ,139.6301 ,(03)3700-1093,https://www.tokyuhotels.co.jp/futako-e/
フォレスト・イン昭和館,昭島市,35.7188 ,139.3647 ,042-542-1234,https://www.showakan.co.jp/
ホテル イースト21東京,江東区,35.6745 ,139.8125 ,03-5683-5683,https://www.hotel-east21.co.jp/stay/
ホテルJALシティ東京豊洲,江東区,35.6400 ,139.7800 ,03-5962-4016,https://www.tokyo-toyosu.hoteljalcity.com/rooms/regularfloor/
ザ・キャピトルホテル東急,千代田区,35.6741 ,139.7410 ,03-3503-0109,https://www.tokyuhotels.co.jp/capitol-h/room/52041/index.html
ホテルJALシティ羽田　ウエストウィング,大田区,35.0000 ,139.0000 ,03-5735-2525,https://www.haneda-hotel.com/
